Date,Symbol,vwap
2018-01-01,stock1,104.8769
2018-01-01,stock10,106.564
2018-01-01,stock11,105.0403
2018-01-01,stock12,104.5617
2018-01-01,stock13,107.4766
2018-01-01,stock14,102.2594
2018-01-01,stock15,104.8514
2018-01-01,stock16,104.5946
2018-01-01,stock17,105.1973
2018-01-01,stock18,102.7447
2018-01-01,stock19,106.1695
2018-01-01,stock2,103.5392
2018-01-01,stock20,107.4496
2018-01-01,stock21,105.5527
2018-01-01,stock22,103.9923
2018-01-01,stock23,107.4111
2018-01-01,stock24,108.0866
2018-01-01,stock25,106.4448
2018-01-01,stock26,104.4029
2018-01-01,stock27,105.792
2018-01-01,stock28,107.6983
2018-01-01,stock29,104.3155
2018-01-01,stock3,104.5556
2018-01-01,stock30,101.352
2018-01-01,stock4,105.769
2018-01-01,stock5,102.6301
2018-01-01,stock6,105.7411
2018-01-01,stock7,103.2378
2018-01-01,stock8,106.1118
2018-01-01,stock9,104.7642
2018-01-02,stock1,105.3421
2018-01-02,stock10,109.5856
2018-01-02,stock11,107.6591
2018-01-02,stock12,105.2309
2018-01-02,stock13,106.5894
2018-01-02,stock14,110.6973
2018-01-02,stock15,104.9473
2018-01-02,stock16,105.8411
2018-01-02,stock17,101.0264
2018-01-02,stock18,103.7635
2018-01-02,stock19,102.7305
2018-01-02,stock2,104.5079
2018-01-02,stock20,105.2628
2018-01-02,stock21,106.2284
2018-01-02,stock22,108.0002
2018-01-02,stock23,101.681
2018-01-02,stock24,108.2845
2018-01-02,stock25,105.3466
2018-01-02,stock26,104.3851
2018-01-02,stock27,107.418
2018-01-02,stock28,104.5162
2018-01-02,stock29,105.8855
2018-01-02,stock3,111.3369
2018-01-02,stock30,105.4912
2018-01-02,stock4,106.7932
2018-01-02,stock5,104.1752
2018-01-02,stock6,109.5733
2018-01-02,stock7,105.8969
2018-01-02,stock8,107.5698
2018-01-02,stock9,109.1165
2018-01-03,stock1,103.8053
2018-01-03,stock10,106.2097
2018-01-03,stock11,105.5141
2018-01-03,stock12,109.407
2018-01-03,stock13,104.2089
2018-01-03,stock14,106.4727
2018-01-03,stock15,106.0985
2018-01-03,stock16,106.3039
2018-01-03,stock17,105.0332
2018-01-03,stock18,109.5505
2018-01-03,stock19,106.3641
2018-01-03,stock2,105.4792
2018-01-03,stock20,105.7278
2018-01-03,stock21,107.5634
2018-01-03,stock22,106.8135
2018-01-03,stock23,106.822
2018-01-03,stock24,107.6079
2018-01-03,stock25,105.388
2018-01-03,stock26,103.4155
2018-01-03,stock27,104.8591
2018-01-03,stock28,104.5508
2018-01-03,stock29,103.9889
2018-01-03,stock3,102.7181
2018-01-03,stock30,107.6711
2018-01-03,stock4,105.4671
2018-01-03,stock5,103.665
2018-01-03,stock6,106.1747
2018-01-03,stock7,107.2923
2018-01-03,stock8,107.0716
2018-01-03,stock9,104.4779
2018-01-04,stock1,106.7847
2018-01-04,stock10,106.2947
2018-01-04,stock11,104.125
2018-01-04,stock12,107.7127
2018-01-04,stock13,101.5538
2018-01-04,stock14,104.4971
2018-01-04,stock15,108.4499
2018-01-04,stock16,104.838
2018-01-04,stock17,106.3517
2018-01-04,stock18,106.9523
2018-01-04,stock19,110.4499
2018-01-04,stock2,103.7347
2018-01-04,stock20,106.0728
2018-01-04,stock21,106.2948
2018-01-04,stock22,105.9175
2018-01-04,stock23,106.449
2018-01-04,stock24,102.0727
2018-01-04,stock25,107.6215
2018-01-04,stock26,104.4974
2018-01-04,stock27,104.2019
2018-01-04,stock28,110.7391
2018-01-04,stock29,103.2199
2018-01-04,stock3,107.4617
2018-01-04,stock30,109.3782
2018-01-04,stock4,107.2023
2018-01-04,stock5,104.1416
2018-01-04,stock6,105.259
2018-01-04,stock7,106.2657
2018-01-04,stock8,108.6885
2018-01-04,stock9,105.9516
2018-01-05,stock1,101.8574
2018-01-05,stock10,103.3027
2018-01-05,stock11,108.5524
2018-01-05,stock12,104.1506
2018-01-05,stock13,104.6213
2018-01-05,stock14,107.0768
2018-01-05,stock15,108.512
2018-01-05,stock16,107.1534
2018-01-05,stock17,106.9666
2018-01-05,stock18,109.3421
2018-01-05,stock19,106.4205
2018-01-05,stock2,107.1871
2018-01-05,stock20,105.8799
2018-01-05,stock21,107.5823
2018-01-05,stock22,108.3562
2018-01-05,stock23,107.8241
2018-01-05,stock24,102.6541
2018-01-05,stock25,107.2491
2018-01-05,stock26,105.5138
2018-01-05,stock27,106.3005
2018-01-05,stock28,106.885
2018-01-05,stock29,105.7336
2018-01-05,stock3,105.4781
2018-01-05,stock30,104.8222
2018-01-05,stock4,106.0527
2018-01-05,stock5,106.1934
2018-01-05,stock6,105.4425
2018-01-05,stock7,109.296
2018-01-05,stock8,109.07
2018-01-05,stock9,106.1166
2018-01-06,stock1,105.5372
2018-01-06,stock10,102.2783
2018-01-06,stock11,105.4749
2018-01-06,stock12,107.6345
2018-01-06,stock13,103.8203
2018-01-06,stock14,105.1697
2018-01-06,stock15,108.234
2018-01-06,stock16,106.4422
2018-01-06,stock17,103.4558
2018-01-06,stock18,107.4808
2018-01-06,stock19,106.469
2018-01-06,stock2,106.8912
2018-01-06,stock20,104.0353
2018-01-06,stock21,106.3637
2018-01-06,stock22,106.7952
2018-01-06,stock23,105.0359
2018-01-06,stock24,106.6977
2018-01-06,stock25,103.8992
2018-01-06,stock26,101.3537
2018-01-06,stock27,105.9946
2018-01-06,stock28,108.8157
2018-01-06,stock29,106.5582
2018-01-06,stock3,106.2692
2018-01-06,stock30,104.5175
2018-01-06,stock4,101.0857
2018-01-06,stock5,105.2341
2018-01-06,stock6,109.5228
2018-01-06,stock7,105.0501
2018-01-06,stock8,106.2893
2018-01-06,stock9,105.7598
2018-01-07,stock1,101.1919
2018-01-07,stock10,103.9966
2018-01-07,stock11,104.1021
2018-01-07,stock12,107.209
2018-01-07,stock13,99.24087
2018-01-07,stock14,109.9887
2018-01-07,stock15,104.9081
2018-01-07,stock16,106.9283
2018-01-07,stock17,103.3618
2018-01-07,stock18,103.8374
2018-01-07,stock19,105.5068
2018-01-07,stock2,106.2009
2018-01-07,stock20,105.563
2018-01-07,stock21,108.3467
2018-01-07,stock22,104.8263
2018-01-07,stock23,107.782
2018-01-07,stock24,105.7855
2018-01-07,stock25,103.8059
2018-01-07,stock26,106.6352
2018-01-07,stock27,106.9711
2018-01-07,stock28,105.387
2018-01-07,stock29,101.8551
2018-01-07,stock3,108.7697
2018-01-07,stock30,102.959
2018-01-07,stock4,107.3929
2018-01-07,stock5,102.5029
2018-01-07,stock6,104.4035
2018-01-07,stock7,105.6836
2018-01-07,stock8,106.5562
2018-01-07,stock9,108.4671
2018-01-08,stock1,105.1215
2018-01-08,stock10,109.9245
2018-01-08,stock11,107.7593
2018-01-08,stock12,103.635
2018-01-08,stock13,105.4048
2018-01-08,stock14,104.2474
2018-01-08,stock15,104.3862
2018-01-08,stock16,105.5645
2018-01-08,stock17,102.7191
2018-01-08,stock18,103.5872
2018-01-08,stock19,108.6596
2018-01-08,stock2,109.8537
2018-01-08,stock20,106.2086
2018-01-08,stock21,103.9831
2018-01-08,stock22,105.2865
2018-01-08,stock23,103.7491
2018-01-08,stock24,105.237
2018-01-08,stock25,106.2957
2018-01-08,stock26,108.0099
2018-01-08,stock27,106.2998
2018-01-08,stock28,108.7494
2018-01-08,stock29,104.269
2018-01-08,stock3,105.5729
2018-01-08,stock30,107.5493
2018-01-08,stock4,108.9879
2018-01-08,stock5,100.4013
2018-01-08,stock6,103.6993
2018-01-08,stock7,107.5705
2018-01-08,stock8,103.8537
2018-01-08,stock9,106.9306
2018-01-09,stock1,104.3474
2018-01-09,stock10,104.6766
2018-01-09,stock11,105.9681
2018-01-09,stock12,106.6339
2018-01-09,stock13,104.0978
2018-01-09,stock14,101.8678
2018-01-09,stock15,106.8011
2018-01-09,stock16,106.3158
2018-01-09,stock17,104.451
2018-01-09,stock18,103.1665
2018-01-09,stock19,107.2831
2018-01-09,stock2,104.1428
2018-01-09,stock20,104.9255
2018-01-09,stock21,105.3127
2018-01-09,stock22,107.2327
2018-01-09,stock23,105.723
2018-01-09,stock24,104.3043
2018-01-09,stock25,107.884
2018-01-09,stock26,105.0075
2018-01-09,stock27,108.2665
2018-01-09,stock28,106.2279
2018-01-09,stock29,105.2192
2018-01-09,stock3,108.1755
2018-01-09,stock30,106.7288
2018-01-09,stock4,101.6353
2018-01-09,stock5,98.87995
2018-01-09,stock6,106.139
2018-01-09,stock7,105.9465
2018-01-09,stock8,108.0755
2018-01-09,stock9,106.0045
2018-01-10,stock1,106.1805
2018-01-10,stock10,104.5634
2018-01-10,stock11,104.3676
2018-01-10,stock12,108.0796
2018-01-10,stock13,107.4421
2018-01-10,stock14,108.0544
2018-01-10,stock15,105.8655
2018-01-10,stock16,105.7477
2018-01-10,stock17,107.7589
2018-01-10,stock18,103.909
2018-01-10,stock19,105.0601
2018-01-10,stock2,107.4893
2018-01-10,stock20,101.8312
2018-01-10,stock21,104.1749
2018-01-10,stock22,103.808
2018-01-10,stock23,104.9238
2018-01-10,stock24,106.4224
2018-01-10,stock25,105.2778
2018-01-10,stock26,110.348
2018-01-10,stock27,104.1439
2018-01-10,stock28,105.2187
2018-01-10,stock29,104.2964
2018-01-10,stock3,110.1639
2018-01-10,stock30,105.9158
2018-01-10,stock4,105.5483
2018-01-10,stock5,105.7409
2018-01-10,stock6,103.6817
2018-01-10,stock7,107.9258
2018-01-10,stock8,106.761
2018-01-10,stock9,104.5322
2018-01-11,stock1,106.3016
2018-01-11,stock10,101.1185
2018-01-11,stock11,105.071
2018-01-11,stock12,107.2547
2018-01-11,stock13,111.2455
2018-01-11,stock14,107.4179
2018-01-11,stock15,107.2271
2018-01-11,stock16,109.2052
2018-01-11,stock17,105.604
2018-01-11,stock18,104.8423
2018-01-11,stock19,104.7278
2018-01-11,stock2,107.4261
2018-01-11,stock20,106.7452
2018-01-11,stock21,105.1455
2018-01-11,stock22,105.6705
2018-01-11,stock23,106.4051
2018-01-11,stock24,109.3466
2018-01-11,stock25,103.823
2018-01-11,stock26,107.2395
2018-01-11,stock27,106.7621
2018-01-11,stock28,106.3694
2018-01-11,stock29,101.2465
2018-01-11,stock3,110.3035
2018-01-11,stock30,104.0148
2018-01-11,stock4,107.0845
2018-01-11,stock5,103.8181
2018-01-11,stock6,101.9557
2018-01-11,stock7,104.8048
2018-01-11,stock8,104.5951
2018-01-11,stock9,102.975
2018-01-12,stock1,107.203
2018-01-12,stock10,106.028
2018-01-12,stock11,107.2656
2018-01-12,stock12,109.7153
2018-01-12,stock13,109.7444
2018-01-12,stock14,107.1879
2018-01-12,stock15,104.4033
2018-01-12,stock16,104.3844
2018-01-12,stock17,103.2059
2018-01-12,stock18,109.5334
2018-01-12,stock19,105.8654
2018-01-12,stock2,103.5079
2018-01-12,stock20,106.0558
2018-01-12,stock21,105.7373
2018-01-12,stock22,105.8777
2018-01-12,stock23,100.3124
2018-01-12,stock24,102.3631
2018-01-12,stock25,106.3855
2018-01-12,stock26,105.1619
2018-01-12,stock27,105.2092
2018-01-12,stock28,106.0679
2018-01-12,stock29,105.2813
2018-01-12,stock3,106.8806
2018-01-12,stock30,106.6393
2018-01-12,stock4,103.9966
2018-01-12,stock5,106.0548
2018-01-12,stock6,105.568
2018-01-12,stock7,105.6028
2018-01-12,stock8,106.4071
2018-01-12,stock9,102.517
2018-01-13,stock1,108.2889
2018-01-13,stock10,105.1241
2018-01-13,stock11,103.8268
2018-01-13,stock12,103.8911
2018-01-13,stock13,104.7179
2018-01-13,stock14,102.9922
2018-01-13,stock15,106.5679
2018-01-13,stock16,105.626
2018-01-13,stock17,104.5894
2018-01-13,stock18,103.5321
2018-01-13,stock19,106.2396
2018-01-13,stock2,105.6193
2018-01-13,stock20,104.6744
2018-01-13,stock21,104.7978
2018-01-13,stock22,103.4849
2018-01-13,stock23,104.6539
2018-01-13,stock24,107.215
2018-01-13,stock25,107.2786
2018-01-13,stock26,108.493
2018-01-13,stock27,108.0252
2018-01-13,stock28,106.0041
2018-01-13,stock29,103.529
2018-01-13,stock3,103.1951
2018-01-13,stock30,106.5124
2018-01-13,stock4,103.4338
2018-01-13,stock5,104.7501
2018-01-13,stock6,105.5024
2018-01-13,stock7,104.2453
2018-01-13,stock8,105.0166
2018-01-13,stock9,104.5754
2018-01-14,stock1,105.036
2018-01-14,stock10,108.1074
2018-01-14,stock11,105.1171
2018-01-14,stock12,105.7816
2018-01-14,stock13,104.247
2018-01-14,stock14,106.3753
2018-01-14,stock15,104.1205
2018-01-14,stock16,106.6663
2018-01-14,stock17,109.2768
2018-01-14,stock18,103.5026
2018-01-14,stock19,104.7964
2018-01-14,stock2,105.955
2018-01-14,stock20,103.6379
2018-01-14,stock21,106.2285
2018-01-14,stock22,106.95
2018-01-14,stock23,105.8391
2018-01-14,stock24,102.2184
2018-01-14,stock25,104.4375
2018-01-14,stock26,106.2193
2018-01-14,stock27,104.0049
2018-01-14,stock28,107.2831
2018-01-14,stock29,102.2569
2018-01-14,stock3,105.0734
2018-01-14,stock30,103.2246
2018-01-14,stock4,106.1826
2018-01-14,stock5,104.4748
2018-01-14,stock6,103.0435
2018-01-14,stock7,106.5985
2018-01-14,stock8,104.9974
2018-01-14,stock9,106.017
2018-01-15,stock1,104.0944
2018-01-15,stock10,106.7521
2018-01-15,stock11,105.8064
2018-01-15,stock12,103.7176
2018-01-15,stock13,106.5606
2018-01-15,stock14,105.2519
2018-01-15,stock15,105.4109
2018-01-15,stock16,103.3121
2018-01-15,stock17,106.6057
2018-01-15,stock18,105.4492
2018-01-15,stock19,108.0876
2018-01-15,stock2,106.8859
2018-01-15,stock20,106.7622
2018-01-15,stock21,102.5727
2018-01-15,stock22,102.3856
2018-01-15,stock23,107.8766
2018-01-15,stock24,107.1358
2018-01-15,stock25,109.03
2018-01-15,stock26,106.1484
2018-01-15,stock27,105.9895
2018-01-15,stock28,103.0301
2018-01-15,stock29,108.1891
2018-01-15,stock3,106.5661
2018-01-15,stock30,103.5364
2018-01-15,stock4,103.1017
2018-01-15,stock5,104.2107
2018-01-15,stock6,102.3422
2018-01-15,stock7,104.497
2018-01-15,stock8,105.3851
2018-01-15,stock9,110.8085
2018-01-16,stock1,103.6895
2018-01-16,stock10,110.2514
2018-01-16,stock11,104.424
2018-01-16,stock12,103.2742
2018-01-16,stock13,105.6374
2018-01-16,stock14,102.8663
2018-01-16,stock15,109.2296
2018-01-16,stock16,106.4825
2018-01-16,stock17,103.9772
2018-01-16,stock18,106.25
2018-01-16,stock19,108.0873
2018-01-16,stock2,105.2274
2018-01-16,stock20,106.2076
2018-01-16,stock21,103.8828
2018-01-16,stock22,106.8996
2018-01-16,stock23,103.8651
2018-01-16,stock24,105.2105
2018-01-16,stock25,104.0165
2018-01-16,stock26,105.0405
2018-01-16,stock27,109.217
2018-01-16,stock28,104.7602
2018-01-16,stock29,107.0749
2018-01-16,stock3,102.1756
2018-01-16,stock30,103.6283
2018-01-16,stock4,106.2936
2018-01-16,stock5,105.0248
2018-01-16,stock6,107.4848
2018-01-16,stock7,106.9857
2018-01-16,stock8,103.6015
2018-01-16,stock9,106.0346
2018-01-17,stock1,107.4871
2018-01-17,stock10,105.7419
2018-01-17,stock11,106.7414
2018-01-17,stock12,109.0752
2018-01-17,stock13,106.6225
2018-01-17,stock14,103.6068
2018-01-17,stock15,105.2198
2018-01-17,stock16,106.2627
2018-01-17,stock17,108.2594
2018-01-17,stock18,107.0135
2018-01-17,stock19,104.6618
2018-01-17,stock2,109.2498
2018-01-17,stock20,101.0466
2018-01-17,stock21,109.5368
2018-01-17,stock22,106.5242
2018-01-17,stock23,104.402
2018-01-17,stock24,104.3037
2018-01-17,stock25,106.0316
2018-01-17,stock26,105.9769
2018-01-17,stock27,105.7056
2018-01-17,stock28,103.5806
2018-01-17,stock29,104.0911
2018-01-17,stock3,104.0086
2018-01-17,stock30,104.5591
2018-01-17,stock4,105.9057
2018-01-17,stock5,108.2957
2018-01-17,stock6,104.9727
2018-01-17,stock7,107.6506
2018-01-17,stock8,105.3648
2018-01-17,stock9,105.4889
2018-01-18,stock1,102.6365
2018-01-18,stock10,103.7797
2018-01-18,stock11,105.8389
2018-01-18,stock12,107.5346
2018-01-18,stock13,104.1841
2018-01-18,stock14,106.1135
2018-01-18,stock15,105.0304
2018-01-18,stock16,106.9856
2018-01-18,stock17,105.2245
2018-01-18,stock18,105.8707
2018-01-18,stock19,101.5496
2018-01-18,stock2,105.2877
2018-01-18,stock20,103.103
2018-01-18,stock21,103.5854
2018-01-18,stock22,108.888
2018-01-18,stock23,107.4096
2018-01-18,stock24,105.1521
2018-01-18,stock25,103.9548
2018-01-18,stock26,103.6684
2018-01-18,stock27,102.5698
2018-01-18,stock28,106.8535
2018-01-18,stock29,103.1756
2018-01-18,stock3,104.7184
2018-01-18,stock30,105.0744
2018-01-18,stock4,104.0564
2018-01-18,stock5,102.3774
2018-01-18,stock6,103.1899
2018-01-18,stock7,105.5135
2018-01-18,stock8,110.7211
2018-01-18,stock9,100.8786
2018-01-19,stock1,104.5674
2018-01-19,stock10,105.2196
2018-01-19,stock11,103.5506
2018-01-19,stock12,105.7542
2018-01-19,stock13,105.9881
2018-01-19,stock14,102.1531
2018-01-19,stock15,106.2249
2018-01-19,stock16,108.3643
2018-01-19,stock17,106.5271
2018-01-19,stock18,105.7929
2018-01-19,stock19,102.689
2018-01-19,stock2,104.1537
2018-01-19,stock20,105.1523
2018-01-19,stock21,105.4556
2018-01-19,stock22,106.4136
2018-01-19,stock23,102.4186
2018-01-19,stock24,103.8535
2018-01-19,stock25,103.6488
2018-01-19,stock26,106.5563
2018-01-19,stock27,107.9873
2018-01-19,stock28,105.8441
2018-01-19,stock29,102.1816
2018-01-19,stock3,107.6208
2018-01-19,stock30,103.9137
2018-01-19,stock4,104.9021
2018-01-19,stock5,105.4204
2018-01-19,stock6,109.3254
2018-01-19,stock7,106.777
2018-01-19,stock8,106.3411
2018-01-19,stock9,101.1295
2018-01-20,stock1,103.4702
2018-01-20,stock10,106.8668
2018-01-20,stock11,110.1366
2018-01-20,stock12,103.5103
2018-01-20,stock13,108.0076
2018-01-20,stock14,106.9391
2018-01-20,stock15,102.5304
2018-01-20,stock16,106.2259
2018-01-20,stock17,107.2918
2018-01-20,stock18,105.0925
2018-01-20,stock19,108.0316
2018-01-20,stock2,105.9605
2018-01-20,stock20,105.048
2018-01-20,stock21,108.8635
2018-01-20,stock22,105.1407
2018-01-20,stock23,101.9061
2018-01-20,stock24,102.6148
2018-01-20,stock25,106.948
2018-01-20,stock26,105.0301
2018-01-20,stock27,106.333
2018-01-20,stock28,103.8676
2018-01-20,stock29,107.8613
2018-01-20,stock3,103.3772
2018-01-20,stock30,102.7975
2018-01-20,stock4,107.2185
2018-01-20,stock5,110.1723
2018-01-20,stock6,107.9941
2018-01-20,stock7,107.5344
2018-01-20,stock8,102.3844
2018-01-20,stock9,104.954
2018-01-21,stock1,105.7975
2018-01-21,stock10,106.4108
2018-01-21,stock11,105.4589
2018-01-21,stock12,105.798
2018-01-21,stock13,104.355
2018-01-21,stock14,104.9017
2018-01-21,stock15,103.3318
2018-01-21,stock16,101.4802
2018-01-21,stock17,101.6648
2018-01-21,stock18,104.2628
2018-01-21,stock19,108.3702
2018-01-21,stock2,106.674
2018-01-21,stock20,104.0381
2018-01-21,stock21,106.604
2018-01-21,stock22,104.8982
2018-01-21,stock23,106.0018
2018-01-21,stock24,102.8917
2018-01-21,stock25,105.4666
2018-01-21,stock26,105.4824
2018-01-21,stock27,107.4007
2018-01-21,stock28,105.5106
2018-01-21,stock29,100.6993
2018-01-21,stock3,107.9379
2018-01-21,stock30,104.6025
2018-01-21,stock4,106.954
2018-01-21,stock5,108.471
2018-01-21,stock6,107.9094
2018-01-21,stock7,104.9235
2018-01-21,stock8,104.5302
2018-01-21,stock9,101.2889
2018-01-22,stock1,108.6731
2018-01-22,stock10,103.4206
2018-01-22,stock11,105.5846
2018-01-22,stock12,102.0078
2018-01-22,stock13,110.3707
2018-01-22,stock14,107.6097
2018-01-22,stock15,106.2935
2018-01-22,stock16,103.7423
2018-01-22,stock17,104.201
2018-01-22,stock18,105.4653
2018-01-22,stock19,106.6414
2018-01-22,stock2,107.0037
2018-01-22,stock20,100.4618
2018-01-22,stock21,107.1964
2018-01-22,stock22,104.1785
2018-01-22,stock23,101.9507
2018-01-22,stock24,106.3695
2018-01-22,stock25,107.595
2018-01-22,stock26,105.5588
2018-01-22,stock27,102.6676
2018-01-22,stock28,106.3335
2018-01-22,stock29,104.659
2018-01-22,stock3,102.5587
2018-01-22,stock30,101.8253
2018-01-22,stock4,105.6573
2018-01-22,stock5,102.5078
2018-01-22,stock6,106.2633
2018-01-22,stock7,108.4538
2018-01-22,stock8,104.7394
2018-01-22,stock9,107.9337
2018-01-23,stock1,106.8853
2018-01-23,stock10,106.9591
2018-01-23,stock11,108.142
2018-01-23,stock12,108.5641
2018-01-23,stock13,107.0086
2018-01-23,stock14,107.0439
2018-01-23,stock15,106.6716
2018-01-23,stock16,104.2144
2018-01-23,stock17,106.3351
2018-01-23,stock18,107.3771
2018-01-23,stock19,105.5444
2018-01-23,stock2,103.5448
2018-01-23,stock20,104.6096
2018-01-23,stock21,107.386
2018-01-23,stock22,104.4903
2018-01-23,stock23,103.7367
2018-01-23,stock24,107.3201
2018-01-23,stock25,106.5016
2018-01-23,stock26,103.2635
2018-01-23,stock27,106.0526
2018-01-23,stock28,106.1617
2018-01-23,stock29,105.2674
2018-01-23,stock3,106.1205
2018-01-23,stock30,104.1332
2018-01-23,stock4,100.7142
2018-01-23,stock5,105.8209
2018-01-23,stock6,106.4016
2018-01-23,stock7,103.6558
2018-01-23,stock8,100.6764
2018-01-23,stock9,104.0609
2018-01-24,stock1,106.242
2018-01-24,stock10,102.942
2018-01-24,stock11,108.0507
2018-01-24,stock12,104.0187
2018-01-24,stock13,105.9684
2018-01-24,stock14,106.9544
2018-01-24,stock15,110.339
2018-01-24,stock16,104.7122
2018-01-24,stock17,105.484
2018-01-24,stock18,106.8238
2018-01-24,stock19,107.1998
2018-01-24,stock2,106.4633
2018-01-24,stock20,104.121
2018-01-24,stock21,105.7523
2018-01-24,stock22,105.6845
2018-01-24,stock23,102.1121
2018-01-24,stock24,106.9053
2018-01-24,stock25,104.2212
2018-01-24,stock26,106.7444
2018-01-24,stock27,109.4506
2018-01-24,stock28,103.5606
2018-01-24,stock29,104.3208
2018-01-24,stock3,108.34
2018-01-24,stock30,107.5443
2018-01-24,stock4,104.2441
2018-01-24,stock5,108.2119
2018-01-24,stock6,102.2647
2018-01-24,stock7,105.188
2018-01-24,stock8,106.222
2018-01-24,stock9,103.7407
2018-01-25,stock1,105.0746
2018-01-25,stock10,102.9264
2018-01-25,stock11,103.9736
2018-01-25,stock12,103.4509
2018-01-25,stock13,106.0896
2018-01-25,stock14,102.9167
2018-01-25,stock15,106.265
2018-01-25,stock16,103.2706
2018-01-25,stock17,105.7021
2018-01-25,stock18,104.4906
2018-01-25,stock19,104.7742
2018-01-25,stock2,106.6395
2018-01-25,stock20,109.3403
2018-01-25,stock21,102.9963
2018-01-25,stock22,107.902
2018-01-25,stock23,106.4257
2018-01-25,stock24,102.4444
2018-01-25,stock25,105.021
2018-01-25,stock26,108.3118
2018-01-25,stock27,107.2649
2018-01-25,stock28,106.3681
2018-01-25,stock29,105.8872
2018-01-25,stock3,106.5764
2018-01-25,stock30,105.9352
2018-01-25,stock4,111.2914
2018-01-25,stock5,104.3065
2018-01-25,stock6,102.1341
2018-01-25,stock7,106.9813
2018-01-25,stock8,103.5608
2018-01-25,stock9,103.5988
2018-01-26,stock1,104.5751
2018-01-26,stock10,100.1707
2018-01-26,stock11,101.4744
2018-01-26,stock12,105.5159
2018-01-26,stock13,103.1244
2018-01-26,stock14,106.7221
2018-01-26,stock15,102.611
2018-01-26,stock16,102.2557
2018-01-26,stock17,103.6979
2018-01-26,stock18,106.1185
2018-01-26,stock19,109.2659
2018-01-26,stock2,109.5121
2018-01-26,stock20,103.412
2018-01-26,stock21,107.3471
2018-01-26,stock22,103.7461
2018-01-26,stock23,105.1129
2018-01-26,stock24,106.3804
2018-01-26,stock25,103.8565
2018-01-26,stock26,105.8572
2018-01-26,stock27,108.1884
2018-01-26,stock28,105.5371
2018-01-26,stock29,105.7408
2018-01-26,stock3,105.6474
2018-01-26,stock30,104.3014
2018-01-26,stock4,104.0005
2018-01-26,stock5,103.4419
2018-01-26,stock6,104.8722
2018-01-26,stock7,103.5912
2018-01-26,stock8,102.9818
2018-01-26,stock9,105.767
2018-01-27,stock1,104.1251
2018-01-27,stock10,108.3163
2018-01-27,stock11,102.9295
2018-01-27,stock12,104.4379
2018-01-27,stock13,106.9654
2018-01-27,stock14,105.0365
2018-01-27,stock15,108.3933
2018-01-27,stock16,105.2178
2018-01-27,stock17,102.4438
2018-01-27,stock18,106.4219
2018-01-27,stock19,107.6584
2018-01-27,stock2,104.6971
2018-01-27,stock20,106.6508
2018-01-27,stock21,108.3032
2018-01-27,stock22,108.1445
2018-01-27,stock23,106.5394
2018-01-27,stock24,102.1394
2018-01-27,stock25,103.8679
2018-01-27,stock26,109.2993
2018-01-27,stock27,103.6369
2018-01-27,stock28,108.1034
2018-01-27,stock29,105.6504
2018-01-27,stock3,105.1898
2018-01-27,stock30,107.5719
2018-01-27,stock4,108.5363
2018-01-27,stock5,102.6946
2018-01-27,stock6,102.9428
2018-01-27,stock7,106.508
2018-01-27,stock8,105.6341
2018-01-27,stock9,108.7206
2018-01-28,stock1,104.369
2018-01-28,stock10,110.5935
2018-01-28,stock11,103.1699
2018-01-28,stock12,105.6229
2018-01-28,stock13,104.553
2018-01-28,stock14,104.7687
2018-01-28,stock15,103.7681
2018-01-28,stock16,106.6492
2018-01-28,stock17,108.9892
2018-01-28,stock18,106.1583
2018-01-28,stock19,105.7048
2018-01-28,stock2,106.4009
2018-01-28,stock20,107.2556
2018-01-28,stock21,105.3324
2018-01-28,stock22,108.9231
2018-01-28,stock23,104.9777
2018-01-28,stock24,104.6536
2018-01-28,stock25,103.9
2018-01-28,stock26,104.7682
2018-01-28,stock27,104.2078
2018-01-28,stock28,105.9627
2018-01-28,stock29,107.6382
2018-01-28,stock3,104.0766
2018-01-28,stock30,111.4936
2018-01-28,stock4,105.2141
2018-01-28,stock5,103.8092
2018-01-28,stock6,106.2994
2018-01-28,stock7,107.1534
2018-01-28,stock8,107.8272
2018-01-28,stock9,107.1819
2018-01-29,stock1,104.3338
2018-01-29,stock10,107.7113
2018-01-29,stock11,106.2598
2018-01-29,stock12,109.9983
2018-01-29,stock13,104.9842
2018-01-29,stock14,103.4161
2018-01-29,stock15,101.3737
2018-01-29,stock16,101.9599
2018-01-29,stock17,106.5908
2018-01-29,stock18,106.5404
2018-01-29,stock19,104.8461
2018-01-29,stock2,102.1228
2018-01-29,stock20,106.7798
2018-01-29,stock21,105.8267
2018-01-29,stock22,105.2702
2018-01-29,stock23,106.6901
2018-01-29,stock24,108.386
2018-01-29,stock25,104.4882
2018-01-29,stock26,108.1598
2018-01-29,stock27,105.0068
2018-01-29,stock28,106.7212
2018-01-29,stock29,103.5436
2018-01-29,stock3,103.4339
2018-01-29,stock30,110.8753
2018-01-29,stock4,100.9658
2018-01-29,stock5,103.7541
2018-01-29,stock6,108.0682
2018-01-29,stock7,106.0711
2018-01-29,stock8,104.1787
2018-01-29,stock9,103.6505
2018-01-30,stock1,103.6014
2018-01-30,stock10,107.9385
2018-01-30,stock11,105.1017
2018-01-30,stock12,104.8926
2018-01-30,stock13,101.571
2018-01-30,stock14,103.953
2018-01-30,stock15,103.7592
2018-01-30,stock16,104.4008
2018-01-30,stock17,106.6693
2018-01-30,stock18,103.2405
2018-01-30,stock19,107.585
2018-01-30,stock2,107.1934
2018-01-30,stock20,104.6695
2018-01-30,stock21,101.1399
2018-01-30,stock22,106.353
2018-01-30,stock23,107.4188
2018-01-30,stock24,106.1811
2018-01-30,stock25,104.8443
2018-01-30,stock26,107.4175
2018-01-30,stock27,107.1651
2018-01-30,stock28,103.2752
2018-01-30,stock29,107.2953
2018-01-30,stock3,105.3159
2018-01-30,stock30,105.16
2018-01-30,stock4,104.2125
2018-01-30,stock5,105.0402
2018-01-30,stock6,105.7561
2018-01-30,stock7,105.2222
2018-01-30,stock8,107.4287
2018-01-30,stock9,107.3927
2018-02-01,stock1,102.8549
2018-02-01,stock10,104.9499
2018-02-01,stock11,107.1899
2018-02-01,stock12,108.2322
2018-02-01,stock13,106.4827
2018-02-01,stock14,109.5798
2018-02-01,stock15,104.3144
2018-02-01,stock16,106.4497
2018-02-01,stock17,103.1128
2018-02-01,stock18,106.0457
2018-02-01,stock19,102.7694
2018-02-01,stock2,106.3273
2018-02-01,stock20,106.9974
2018-02-01,stock21,105.6224
2018-02-01,stock22,106.9704
2018-02-01,stock23,105.7878
2018-02-01,stock24,103.917
2018-02-01,stock25,103.515
2018-02-01,stock26,107.8259
2018-02-01,stock27,109.0047
2018-02-01,stock28,108.2059
2018-02-01,stock29,108.547
2018-02-01,stock3,105.3125
2018-02-01,stock30,103.6538
2018-02-01,stock4,107.0248
2018-02-01,stock5,102.2711
2018-02-01,stock6,104.4458
2018-02-01,stock7,105.0578
2018-02-01,stock8,103.6524
2018-02-01,stock9,108.7804
2018-02-02,stock1,104.067
2018-02-02,stock10,104.3868
2018-02-02,stock11,103.3326
2018-02-02,stock12,103.3175
2018-02-02,stock13,105.9055
2018-02-02,stock14,104.091
2018-02-02,stock15,110.6414
2018-02-02,stock16,108.9933
2018-02-02,stock17,103.5371
2018-02-02,stock18,110.7178
2018-02-02,stock19,104.8252
2018-02-02,stock2,110.4381
2018-02-02,stock20,103.5445
2018-02-02,stock21,104.6606
2018-02-02,stock22,107.2617
2018-02-02,stock23,109.0033
2018-02-02,stock24,102.9116
2018-02-02,stock25,108.9286
2018-02-02,stock26,106.717
2018-02-02,stock27,105.4514
2018-02-02,stock28,109.0547
2018-02-02,stock29,109.5067
2018-02-02,stock3,104.2748
2018-02-02,stock30,110.3636
2018-02-02,stock4,105.9033
2018-02-02,stock5,103.1576
2018-02-02,stock6,104.8756
2018-02-02,stock7,107.2798
2018-02-02,stock8,106.625
2018-02-02,stock9,101.7865
2018-02-03,stock1,107.3149
2018-02-03,stock10,107.6234
2018-02-03,stock11,105.282
2018-02-03,stock12,105.984
2018-02-03,stock13,107.4911
2018-02-03,stock14,103.3902
2018-02-03,stock15,105.7637
2018-02-03,stock16,105.7488
2018-02-03,stock17,105.4242
2018-02-03,stock18,102.0574
2018-02-03,stock19,106.233
2018-02-03,stock2,107.5313
2018-02-03,stock20,106.9645
2018-02-03,stock21,104.2054
2018-02-03,stock22,106.1432
2018-02-03,stock23,104.7036
2018-02-03,stock24,107.7829
2018-02-03,stock25,106.57
2018-02-03,stock26,105.1358
2018-02-03,stock27,106.8983
2018-02-03,stock28,104.317
2018-02-03,stock29,105.5577
2018-02-03,stock3,103.8488
2018-02-03,stock30,105.1395
2018-02-03,stock4,104.3974
2018-02-03,stock5,105.2561
2018-02-03,stock6,105.4794
2018-02-03,stock7,110.6784
2018-02-03,stock8,106.0888
2018-02-03,stock9,110.5256
2018-02-04,stock1,107.2922
2018-02-04,stock10,101.3055
2018-02-04,stock11,104.4307
2018-02-04,stock12,106.7229
2018-02-04,stock13,101.6066
2018-02-04,stock14,105.2442
2018-02-04,stock15,108.1336
2018-02-04,stock16,107.2896
2018-02-04,stock17,105.8557
2018-02-04,stock18,104.5972
2018-02-04,stock19,106.7625
2018-02-04,stock2,105.0573
2018-02-04,stock20,106.0706
2018-02-04,stock21,106.3194
2018-02-04,stock22,104.9974
2018-02-04,stock23,106.1356
2018-02-04,stock24,106.0404
2018-02-04,stock25,108.2104
2018-02-04,stock26,104.2156
2018-02-04,stock27,101.1903
2018-02-04,stock28,105.5422
2018-02-04,stock29,105.7604
2018-02-04,stock3,105.7817
2018-02-04,stock30,105.2448
2018-02-04,stock4,106.3461
2018-02-04,stock5,109.4631
2018-02-04,stock6,107.5938
2018-02-04,stock7,104.9106
2018-02-04,stock8,107.1327
2018-02-04,stock9,109.0056
2018-02-05,stock1,106.5931
2018-02-05,stock10,103.2813
2018-02-05,stock11,105.8301
2018-02-05,stock12,106.7873
2018-02-05,stock13,105.4009
2018-02-05,stock14,103.3885
2018-02-05,stock15,105.0961
2018-02-05,stock16,106.9417
2018-02-05,stock17,105.6682
2018-02-05,stock18,108.2795
2018-02-05,stock19,105.4232
2018-02-05,stock2,100.8494
2018-02-05,stock20,104.4532
2018-02-05,stock21,105.0943
2018-02-05,stock22,108.8012
2018-02-05,stock23,106.7012
2018-02-05,stock24,103.832
2018-02-05,stock25,104.0983
2018-02-05,stock26,104.0853
2018-02-05,stock27,110.0158
2018-02-05,stock28,102.9965
2018-02-05,stock29,106.6033
2018-02-05,stock3,104.0632
2018-02-05,stock30,105.9067
2018-02-05,stock4,106.3951
2018-02-05,stock5,104.0156
2018-02-05,stock6,105.3719
2018-02-05,stock7,108.6189
2018-02-05,stock8,104.1775
2018-02-05,stock9,105.595
2018-02-06,stock1,104.4254
2018-02-06,stock10,108.041
2018-02-06,stock11,106.0911
2018-02-06,stock12,108.6406
2018-02-06,stock13,111.8668
2018-02-06,stock14,106.1333
2018-02-06,stock15,103.7315
2018-02-06,stock16,103.4688
2018-02-06,stock17,106.0975
2018-02-06,stock18,105.3619
2018-02-06,stock19,108.3046
2018-02-06,stock2,104.4823
2018-02-06,stock20,108.2127
2018-02-06,stock21,105.2932
2018-02-06,stock22,108.1196
2018-02-06,stock23,106.227
2018-02-06,stock24,107.3171
2018-02-06,stock25,103.2408
2018-02-06,stock26,106.4075
2018-02-06,stock27,106.0358
2018-02-06,stock28,108.1093
2018-02-06,stock29,105.7539
2018-02-06,stock3,105.1721
2018-02-06,stock30,102.1196
2018-02-06,stock4,106.102
2018-02-06,stock5,106.383
2018-02-06,stock6,106.921
2018-02-06,stock7,106.6415
2018-02-06,stock8,105.6005
2018-02-06,stock9,109.48
2018-02-07,stock1,102.4227
2018-02-07,stock10,103.8292
2018-02-07,stock11,105.0092
2018-02-07,stock12,108.1146
2018-02-07,stock13,104.9651
2018-02-07,stock14,105.5945
2018-02-07,stock15,107.5117
2018-02-07,stock16,104.1763
2018-02-07,stock17,106.6188
2018-02-07,stock18,108.3267
2018-02-07,stock19,103.2999
2018-02-07,stock2,104.6784
2018-02-07,stock20,103.9797
2018-02-07,stock21,102.5896
2018-02-07,stock22,105.4227
2018-02-07,stock23,106.4417
2018-02-07,stock24,106.9663
2018-02-07,stock25,107.3162
2018-02-07,stock26,108.1095
2018-02-07,stock27,103.6395
2018-02-07,stock28,101.0696
2018-02-07,stock29,106.708
2018-02-07,stock3,104.9729
2018-02-07,stock30,106.0139
2018-02-07,stock4,105.4554
2018-02-07,stock5,101.9548
2018-02-07,stock6,106.1154
2018-02-07,stock7,110.6291
2018-02-07,stock8,105.1693
2018-02-07,stock9,108.5768
2018-02-08,stock1,103.2203
2018-02-08,stock10,104.5981
2018-02-08,stock11,106.2198
2018-02-08,stock12,109.2984
2018-02-08,stock13,107.7906
2018-02-08,stock14,107.7097
2018-02-08,stock15,105.571
2018-02-08,stock16,106.7813
2018-02-08,stock17,105.6994
2018-02-08,stock18,102.3961
2018-02-08,stock19,108.6619
2018-02-08,stock2,103.2289
2018-02-08,stock20,106.1117
2018-02-08,stock21,105.6632
2018-02-08,stock22,106.824
2018-02-08,stock23,107.893
2018-02-08,stock24,106.1796
2018-02-08,stock25,106.5756
2018-02-08,stock26,101.1442
2018-02-08,stock27,105.3647
2018-02-08,stock28,104.7392
2018-02-08,stock29,103.8774
2018-02-08,stock3,106.6359
2018-02-08,stock30,108.2833
2018-02-08,stock4,102.8903
2018-02-08,stock5,102.3504
2018-02-08,stock6,104.7543
2018-02-08,stock7,110.9105
2018-02-08,stock8,103.11
2018-02-08,stock9,106.8762
2018-02-09,stock1,104.8548
2018-02-09,stock10,103.7265
2018-02-09,stock11,106.3905
2018-02-09,stock12,104.742
2018-02-09,stock13,105.4287
2018-02-09,stock14,105.6162
2018-02-09,stock15,106.1441
2018-02-09,stock16,106.5635
2018-02-09,stock17,105.7049
2018-02-09,stock18,106.9416
2018-02-09,stock19,108.9425
2018-02-09,stock2,107.6445
2018-02-09,stock20,105.564
2018-02-09,stock21,105.7752
2018-02-09,stock22,105.2015
2018-02-09,stock23,103.6098
2018-02-09,stock24,106.4963
2018-02-09,stock25,102.3404
2018-02-09,stock26,107.3093
2018-02-09,stock27,112.4384
2018-02-09,stock28,108.3354
2018-02-09,stock29,106.8783
2018-02-09,stock3,106.3521
2018-02-09,stock30,102.9294
2018-02-09,stock4,103.7658
2018-02-09,stock5,103.8215
2018-02-09,stock6,100.8695
2018-02-09,stock7,102.7358
2018-02-09,stock8,104.6944
2018-02-09,stock9,106.526
2018-02-10,stock1,103.7309
2018-02-10,stock10,107.8404
2018-02-10,stock11,105.1449
2018-02-10,stock12,105.6917
2018-02-10,stock13,103.7574
2018-02-10,stock14,106.9408
2018-02-10,stock15,106.9797
2018-02-10,stock16,105.129
2018-02-10,stock17,106.4358
2018-02-10,stock18,108.9212
2018-02-10,stock19,104.2758
2018-02-10,stock2,106.5881
2018-02-10,stock20,104.4572
2018-02-10,stock21,105.8706
2018-02-10,stock22,105.2704
2018-02-10,stock23,106.1412
2018-02-10,stock24,106.9452
2018-02-10,stock25,105.2642
2018-02-10,stock26,108.5665
2018-02-10,stock27,106.9145
2018-02-10,stock28,106.0568
2018-02-10,stock29,104.347
2018-02-10,stock3,103.7219
2018-02-10,stock30,107.1607
2018-02-10,stock4,104.401
2018-02-10,stock5,103.1582
2018-02-10,stock6,104.6242
2018-02-10,stock7,107.7585
2018-02-10,stock8,106.7918
2018-02-10,stock9,106.7677
2018-02-11,stock1,107.1243
2018-02-11,stock10,104.5039
2018-02-11,stock11,100.5694
2018-02-11,stock12,106.4553
2018-02-11,stock13,104.591
2018-02-11,stock14,106.4153
2018-02-11,stock15,105.7416
2018-02-11,stock16,107.647
2018-02-11,stock17,104.4801
2018-02-11,stock18,109.7076
2018-02-11,stock19,105.0888
2018-02-11,stock2,107.5392
2018-02-11,stock20,105.2059
2018-02-11,stock21,108.4105
2018-02-11,stock22,102.0549
2018-02-11,stock23,105.6497
2018-02-11,stock24,105.0898
2018-02-11,stock25,106.5778
2018-02-11,stock26,102.8593
2018-02-11,stock27,103.7463
2018-02-11,stock28,108.0471
2018-02-11,stock29,104.5355
2018-02-11,stock3,107.0956
2018-02-11,stock30,102.2968
2018-02-11,stock4,104.9999
2018-02-11,stock5,108.4346
2018-02-11,stock6,104.7634
2018-02-11,stock7,107.2643
2018-02-11,stock8,105.5209
2018-02-11,stock9,104.9104
2018-02-12,stock1,106.3481
2018-02-12,stock10,106.3217
2018-02-12,stock11,105.1058
2018-02-12,stock12,105.4719
2018-02-12,stock13,104.1832
2018-02-12,stock14,104.9365
2018-02-12,stock15,105.3545
2018-02-12,stock16,106.1556
2018-02-12,stock17,105.1821
2018-02-12,stock18,108.9389
2018-02-12,stock19,106.1818
2018-02-12,stock2,107.5217
2018-02-12,stock20,103.1675
2018-02-12,stock21,105.7215
2018-02-12,stock22,104.5964
2018-02-12,stock23,107.8967
2018-02-12,stock24,104.7481
2018-02-12,stock25,102.6919
2018-02-12,stock26,109.6132
2018-02-12,stock27,103.9653
2018-02-12,stock28,102.0863
2018-02-12,stock29,103.5342
2018-02-12,stock3,104.7961
2018-02-12,stock30,108.0459
2018-02-12,stock4,104.8568
2018-02-12,stock5,101.5497
2018-02-12,stock6,105.6027
2018-02-12,stock7,107.4107
2018-02-12,stock8,105.3555
2018-02-12,stock9,106.187
2018-02-13,stock1,107.3256
2018-02-13,stock10,104.1453
2018-02-13,stock11,103.1297
2018-02-13,stock12,103.8053
2018-02-13,stock13,102.5774
2018-02-13,stock14,107.7862
2018-02-13,stock15,105.1311
2018-02-13,stock16,106.8703
2018-02-13,stock17,106.32
2018-02-13,stock18,101.7827
2018-02-13,stock19,104.3652
2018-02-13,stock2,107.125
2018-02-13,stock20,105.5446
2018-02-13,stock21,104.359
2018-02-13,stock22,107.1821
2018-02-13,stock23,104.1007
2018-02-13,stock24,103.5508
2018-02-13,stock25,104.752
2018-02-13,stock26,102.2044
2018-02-13,stock27,104.26
2018-02-13,stock28,107.0496
2018-02-13,stock29,103.7
2018-02-13,stock3,104.9519
2018-02-13,stock30,105.9459
2018-02-13,stock4,104.2128
2018-02-13,stock5,105.3964
2018-02-13,stock6,101.5225
2018-02-13,stock7,100.9535
2018-02-13,stock8,104.093
2018-02-13,stock9,107.4926
2018-02-14,stock1,104.636
2018-02-14,stock10,104.0068
2018-02-14,stock11,106.7336
2018-02-14,stock12,104.377
2018-02-14,stock13,106.8732
2018-02-14,stock14,108.419
2018-02-14,stock15,103.4222
2018-02-14,stock16,105.7891
2018-02-14,stock17,106.5879
2018-02-14,stock18,102.6701
2018-02-14,stock19,104.0556
2018-02-14,stock2,107.2515
2018-02-14,stock20,108.0752
2018-02-14,stock21,106.4584
2018-02-14,stock22,105.7938
2018-02-14,stock23,104.1668
2018-02-14,stock24,105.1636
2018-02-14,stock25,103.0973
2018-02-14,stock26,104.5073
2018-02-14,stock27,102.1557
2018-02-14,stock28,103.9535
2018-02-14,stock29,103.6722
2018-02-14,stock3,105.2709
2018-02-14,stock30,103.6397
2018-02-14,stock4,104.3502
2018-02-14,stock5,106.6689
2018-02-14,stock6,107.7541
2018-02-14,stock7,104.1273
2018-02-14,stock8,103.2867
2018-02-14,stock9,107.1046
2018-02-15,stock1,106.0173
2018-02-15,stock10,105.2734
2018-02-15,stock11,108.3365
2018-02-15,stock12,105.9105
2018-02-15,stock13,107.693
2018-02-15,stock14,102.7681
2018-02-15,stock15,103.5306
2018-02-15,stock16,106.6039
2018-02-15,stock17,108.4041
2018-02-15,stock18,107.7864
2018-02-15,stock19,107.2386
2018-02-15,stock2,104.5265
2018-02-15,stock20,103.3792
2018-02-15,stock21,105.0167
2018-02-15,stock22,103.0127
2018-02-15,stock23,107.6398
2018-02-15,stock24,108.9176
2018-02-15,stock25,105.6511
2018-02-15,stock26,104.0123
2018-02-15,stock27,106.4168
2018-02-15,stock28,106.4162
2018-02-15,stock29,105.938
2018-02-15,stock3,105.0557
2018-02-15,stock30,108.171
2018-02-15,stock4,108.2408
2018-02-15,stock5,107.8265
2018-02-15,stock6,105.219
2018-02-15,stock7,104.0265
2018-02-15,stock8,103.7679
2018-02-15,stock9,103.1277
2018-02-16,stock1,103.9219
2018-02-16,stock10,102.387
2018-02-16,stock11,107.285
2018-02-16,stock12,104.1436
2018-02-16,stock13,107.6373
2018-02-16,stock14,104.6444
2018-02-16,stock15,102.8394
2018-02-16,stock16,105.0134
2018-02-16,stock17,108.1486
2018-02-16,stock18,106.2444
2018-02-16,stock19,104.7634
2018-02-16,stock2,100.5774
2018-02-16,stock20,105.4907
2018-02-16,stock21,106.5885
2018-02-16,stock22,106.5198
2018-02-16,stock23,104.3126
2018-02-16,stock24,106.5647
2018-02-16,stock25,102.0459
2018-02-16,stock26,103.9799
2018-02-16,stock27,107.0292
2018-02-16,stock28,105.6461
2018-02-16,stock29,104.8629
2018-02-16,stock3,108.8771
2018-02-16,stock30,105.8065
2018-02-16,stock4,108.542
2018-02-16,stock5,108.0071
2018-02-16,stock6,106.944
2018-02-16,stock7,103.6448
2018-02-16,stock8,105.7486
2018-02-16,stock9,106.4883
2018-02-17,stock1,102.4409
2018-02-17,stock10,109.6623
2018-02-17,stock11,105.3684
2018-02-17,stock12,103.9486
2018-02-17,stock13,103.0425
2018-02-17,stock14,104.1843
2018-02-17,stock15,102.6043
2018-02-17,stock16,107.9179
2018-02-17,stock17,107.0383
2018-02-17,stock18,105.0588
2018-02-17,stock19,103.289
2018-02-17,stock2,110.0723
2018-02-17,stock20,106.304
2018-02-17,stock21,105.953
2018-02-17,stock22,105.9136
2018-02-17,stock23,101.7306
2018-02-17,stock24,106.1403
2018-02-17,stock25,103.283
2018-02-17,stock26,104.2402
2018-02-17,stock27,104.9768
2018-02-17,stock28,105.366
2018-02-17,stock29,104.9762
2018-02-17,stock3,106.4215
2018-02-17,stock30,104.5858
2018-02-17,stock4,106.4893
2018-02-17,stock5,100.205
2018-02-17,stock6,107.7062
2018-02-17,stock7,103.3764
2018-02-17,stock8,105.1372
2018-02-17,stock9,104.1729
2018-02-18,stock1,102.2518
2018-02-18,stock10,105.9014
2018-02-18,stock11,107.8165
2018-02-18,stock12,106.1107
2018-02-18,stock13,106.7335
2018-02-18,stock14,104.2443
2018-02-18,stock15,108.6689
2018-02-18,stock16,105.9267
2018-02-18,stock17,105.8797
2018-02-18,stock18,103.3841
2018-02-18,stock19,105.6205
2018-02-18,stock2,101.5882
2018-02-18,stock20,102.3743
2018-02-18,stock21,104.4938
2018-02-18,stock22,106.1109
2018-02-18,stock23,103.6359
2018-02-18,stock24,107.1272
2018-02-18,stock25,107.7575
2018-02-18,stock26,107.2457
2018-02-18,stock27,105.5044
2018-02-18,stock28,102.2615
2018-02-18,stock29,105.0685
2018-02-18,stock3,103.3593
2018-02-18,stock30,105.0599
2018-02-18,stock4,105.0749
2018-02-18,stock5,107.4697
2018-02-18,stock6,107.4569
2018-02-18,stock7,102.72
2018-02-18,stock8,107.8944
2018-02-18,stock9,102.2001
2018-02-19,stock1,107.2886
2018-02-19,stock10,109.0379
2018-02-19,stock11,107.6624
2018-02-19,stock12,105.3991
2018-02-19,stock13,103.936
2018-02-19,stock14,104.5231
2018-02-19,stock15,104.8183
2018-02-19,stock16,104.4416
2018-02-19,stock17,106.1869
2018-02-19,stock18,106.7752
2018-02-19,stock19,106.6571
2018-02-19,stock2,101.7581
2018-02-19,stock20,105.3947
2018-02-19,stock21,105.1183
2018-02-19,stock22,108.3507
2018-02-19,stock23,105.5003
2018-02-19,stock24,104.116
2018-02-19,stock25,101.5694
2018-02-19,stock26,103.3693
2018-02-19,stock27,106.3382
2018-02-19,stock28,107.7331
2018-02-19,stock29,104.887
2018-02-19,stock3,106.5928
2018-02-19,stock30,103.8417
2018-02-19,stock4,103.619
2018-02-19,stock5,104.567
2018-02-19,stock6,106.7849
2018-02-19,stock7,104.9412
2018-02-19,stock8,104.9969
2018-02-19,stock9,109.8225
2018-02-20,stock1,103.6899
2018-02-20,stock10,105.4678
2018-02-20,stock11,106.2142
2018-02-20,stock12,108.1369
2018-02-20,stock13,104.5962
2018-02-20,stock14,106.1709
2018-02-20,stock15,109.9343
2018-02-20,stock16,106.2485
2018-02-20,stock17,104.3114
2018-02-20,stock18,108.0988
2018-02-20,stock19,103.4006
2018-02-20,stock2,105.8236
2018-02-20,stock20,104.5395
2018-02-20,stock21,105.1073
2018-02-20,stock22,105.5493
2018-02-20,stock23,107.8428
2018-02-20,stock24,104.0561
2018-02-20,stock25,105.1977
2018-02-20,stock26,106.8626
2018-02-20,stock27,101.8161
2018-02-20,stock28,105.9757
2018-02-20,stock29,106.7134
2018-02-20,stock3,104.4051
2018-02-20,stock30,105.4383
2018-02-20,stock4,104.2365
2018-02-20,stock5,105.5413
2018-02-20,stock6,107.3494
2018-02-20,stock7,107.0124
2018-02-20,stock8,107.5675
2018-02-20,stock9,103.8652
2018-02-21,stock1,104.3635
2018-02-21,stock10,107.233
2018-02-21,stock11,107.1324
2018-02-21,stock12,106.211
2018-02-21,stock13,109.9348
2018-02-21,stock14,107.4357
2018-02-21,stock15,104.7389
2018-02-21,stock16,106.3469
2018-02-21,stock17,105.2947
2018-02-21,stock18,102.382
2018-02-21,stock19,102.9965
2018-02-21,stock2,105.1492
2018-02-21,stock20,105.2932
2018-02-21,stock21,104.9577
2018-02-21,stock22,104.2235
2018-02-21,stock23,104.3235
2018-02-21,stock24,107.3051
2018-02-21,stock25,101.3644
2018-02-21,stock26,106.3895
2018-02-21,stock27,102.6949
2018-02-21,stock28,107.8026
2018-02-21,stock29,102.8185
2018-02-21,stock3,109.7866
2018-02-21,stock30,106.434
2018-02-21,stock4,104.9464
2018-02-21,stock5,109.0936
2018-02-21,stock6,102.5675
2018-02-21,stock7,107.0991
2018-02-21,stock8,108.4217
2018-02-21,stock9,101.7852
